GROUP,PACKAGE,CLASS,INSTRUCTION_MISSED,INSTRUCTION_COVERED,BRANCH_MISSED,BRANCH_COVERED,LINE_MISSED,LINE_COVERED,COMPLEXITY_MISSED,COMPLEXITY_COVERED,METHOD_MISSED,METHOD_COVERED
resto-os-backend,com.resto.catalog.controller,StoreCatalogController.StoreOverrideRequest,31,0,0,0,9,0,9,0,9,0
resto-os-backend,com.resto.catalog.controller,CatalogController.AddModifierOptionRequest,38,0,0,0,11,0,11,0,11,0
resto-os-backend,com.resto.catalog.controller,Stock86Controller,69,0,2,0,19,0,4,0,3,0
resto-os-backend,com.resto.catalog.controller,Stock86Controller.Toggle86Request,26,0,0,0,9,0,6,0,6,0
resto-os-backend,com.resto.catalog.controller,CatalogController.CreateProductRequest,52,0,0,0,15,0,15,0,15,0
resto-os-backend,com.resto.catalog.controller,CatalogController,156,0,0,0,68,0,7,0,7,0
resto-os-backend,com.resto.catalog.controller,StoreCatalogController,53,0,0,0,23,0,3,0,3,0
resto-os-backend,com.resto.catalog.controller,CatalogController.CreateModifierGroupRequest,38,0,0,0,11,0,11,0,11,0
resto-os-backend,com.resto.catalog.controller,CatalogController.CreateCategoryRequest,24,0,0,0,7,0,7,0,7,0
resto-os-backend,com.resto.audit.domain,AuditLog,71,0,0,0,21,0,20,0,20,0
resto-os-backend,com.resto.audit.domain,AuditLog.AuditLogBuilder,87,0,0,0,20,0,10,0,10,0
resto-os-backend,com.resto.catalog.domain,Product.ProductBuilder,136,0,6,0,26,0,16,0,13,0
resto-os-backend,com.resto.catalog.domain,Product,99,0,0,0,30,0,27,0,27,0
resto-os-backend,com.resto.catalog.domain,ModifierGroup.ModifierGroupBuilder,90,0,6,0,16,0,11,0,8,0
resto-os-backend,com.resto.catalog.domain,StoreProduct.StoreProductBuilder,85,0,2,0,18,0,10,0,9,0
resto-os-backend,com.resto.catalog.domain,ModifierOption,57,0,0,0,17,0,16,0,16,0
resto-os-backend,com.resto.catalog.domain,ModifierGroup,57,0,0,0,17,0,16,0,16,0
resto-os-backend,com.resto.catalog.domain,ModifierOption.ModifierOptionBuilder,81,0,4,0,16,0,10,0,8,0
resto-os-backend,com.resto.catalog.domain,Category.CategoryBuilder,83,0,4,0,16,0,10,0,8,0
resto-os-backend,com.resto.catalog.domain,Category,64,0,0,0,20,0,17,0,17,0
resto-os-backend,com.resto.catalog.domain,StoreProduct,71,0,0,0,22,0,19,0,19,0
resto-os-backend,com.resto.kitchen.controller,KitchenController.UpdateKitchenStatusRequest,10,0,0,0,3,0,3,0,3,0
resto-os-backend,com.resto.kitchen.controller,KitchenController,46,0,0,0,19,0,3,0,3,0
resto-os-backend,com.resto.tenant.controller,MembershipController,51,0,0,0,23,0,3,0,3,0
resto-os-backend,com.resto.tenant.controller,AuthController,74,0,2,0,27,0,4,0,3,0
resto-os-backend,com.resto.tenant.controller,OrganizationController,46,0,0,0,19,0,3,0,3,0
resto-os-backend,com.resto.tenant.controller,StoreController,53,0,0,0,24,0,3,0,3,0
resto-os-backend,com.resto.tenant.controller,UserController.CreateUserRequest,31,0,0,0,9,0,9,0,9,0
resto-os-backend,com.resto.tenant.controller,AuthController.SetPinRequest,17,0,0,0,5,0,5,0,5,0
resto-os-backend,com.resto.tenant.controller,MembershipController.CreateMembershipRequest,31,0,0,0,9,0,9,0,9,0
resto-os-backend,com.resto.tenant.controller,StoreController.CreateStoreRequest,38,0,0,0,11,0,11,0,11,0
resto-os-backend,com.resto.tenant.controller,UserController,51,0,0,0,23,0,3,0,3,0
resto-os-backend,com.resto.tenant.controller,AuthController.PinLoginRequest,17,0,0,0,5,0,5,0,5,0
resto-os-backend,com.resto.tenant.controller,OrganizationController.CreateOrgRequest,17,0,0,0,5,0,5,0,5,0
resto-os-backend,com.resto,RestoOsApplication,8,0,0,0,3,0,2,0,2,0
resto-os-backend,com.resto.order.domain,OrderItem,99,0,0,0,29,0,28,0,28,0
resto-os-backend,com.resto.order.domain,Order,44,97,0,0,16,26,13,26,13,26
resto-os-backend,com.resto.order.domain,OrderItemModifier,46,0,0,0,13,0,13,0,13,0
resto-os-backend,com.resto.order.domain,Order.OrderBuilder,69,136,7,7,12,26,19,7,12,7
resto-os-backend,com.resto.order.domain,OrderItemModifier.OrderItemModifierBuilder,65,0,2,0,14,0,8,0,7,0
resto-os-backend,com.resto.order.domain,OrderItem.OrderItemBuilder,130,0,2,0,28,0,15,0,14,0
resto-os-backend,com.resto.dashboard.dto,DashboardMetricsDto,46,0,0,0,13,0,13,0,13,0
resto-os-backend,com.resto.dashboard.dto,DashboardMetricsDto.DashboardMetricsDtoBuilder,65,0,2,0,14,0,8,0,7,0
resto-os-backend,com.resto.core.idempotency,IdempotencyInterceptor,80,0,18,0,16,0,12,0,3,0
resto-os-backend,com.resto.core.idempotency,IdempotencyInterceptor.new LinkedHashMap() {...},17,0,2,0,2,0,3,0,2,0
resto-os-backend,com.resto.core.response,Response,3,38,0,0,1,10,1,10,1,10
resto-os-backend,com.resto.core.response,Response.ResponseBuilder,0,51,0,0,0,12,0,6,0,6
resto-os-backend,com.resto.dashboard.controller,DashboardController,25,0,0,0,11,0,2,0,2,0
resto-os-backend,com.resto.floorplan.domain,Zone.ZoneBuilder,76,0,2,0,16,0,9,0,8,0
resto-os-backend,com.resto.floorplan.domain,RestaurantTable,99,0,0,0,30,0,27,0,27,0
resto-os-backend,com.resto.floorplan.domain,Zone,64,0,0,0,20,0,17,0,17,0
resto-os-backend,com.resto.floorplan.domain,RestaurantTable.RestaurantTableBuilder,145,0,10,0,26,0,18,0,13,0
resto-os-backend,com.resto.payment.controller,PaymentController,36,0,0,0,17,0,2,0,2,0
resto-os-backend,com.resto.payment.controller,PaymentController.RecordPaymentRequest,45,0,0,0,13,0,13,0,13,0
resto-os-backend,com.resto.catalog.dto,ResolvedProductDto.ResolvedProductDtoBuilder,96,0,0,0,22,0,11,0,11,0
resto-os-backend,com.resto.catalog.dto,ResolvedProductDto,74,0,0,0,21,0,21,0,21,0
resto-os-backend,com.resto.tenant.service,UserService,117,0,8,0,35,0,10,0,6,0
resto-os-backend,com.resto.tenant.service,TenantService,109,0,10,0,27,0,12,0,7,0
resto-os-backend,com.resto.tenant.service,AuthService,69,0,2,0,15,0,6,0,5,0
resto-os-backend,com.resto.dashboard.service,DashboardService,133,0,8,0,36,0,12,0,8,0
resto-os-backend,com.resto.tenant.domain,Organization.OrganizationBuilder,11,56,1,1,2,12,3,5,2,5
resto-os-backend,com.resto.tenant.domain,Store,78,0,0,0,24,0,21,0,21,0
resto-os-backend,com.resto.tenant.domain,Membership,43,0,0,0,13,0,12,0,12,0
resto-os-backend,com.resto.tenant.domain,MembershipStore,43,0,0,0,13,0,12,0,12,0
resto-os-backend,com.resto.tenant.domain,MembershipStore.MembershipStoreBuilder,51,0,0,0,12,0,6,0,6,0
resto-os-backend,com.resto.tenant.domain,Organization,20,37,0,0,8,10,5,10,5,10
resto-os-backend,com.resto.tenant.domain,User.UserBuilder,94,0,2,0,20,0,11,0,10,0
resto-os-backend,com.resto.tenant.domain,User,78,0,0,0,24,0,21,0,21,0
resto-os-backend,com.resto.tenant.domain,Membership.MembershipBuilder,51,0,0,0,12,0,6,0,6,0
resto-os-backend,com.resto.tenant.domain,Store.StoreBuilder,104,0,6,0,20,0,13,0,10,0
resto-os-backend,com.resto.order.controller,OrderController.CreateOrderRequest,45,0,0,0,13,0,13,0,13,0
resto-os-backend,com.resto.order.controller,OrderController,78,0,0,0,33,0,4,0,4,0
resto-os-backend,com.resto.order.controller,OrderController.CancelOrderRequest,17,0,0,0,5,0,5,0,5,0
resto-os-backend,com.resto.catalog.service,CatalogService,166,0,18,0,44,0,16,0,7,0
resto-os-backend,com.resto.catalog.service,StoreCatalogService,153,0,18,0,42,0,13,0,4,0
resto-os-backend,com.resto.floorplan.controller,FloorPlanController,125,0,0,0,55,0,6,0,6,0
resto-os-backend,com.resto.floorplan.controller,FloorPlanController.CreateZoneRequest,31,0,0,0,9,0,9,0,9,0
resto-os-backend,com.resto.floorplan.controller,FloorPlanController.UpdateStatusRequest,10,0,0,0,3,0,3,0,3,0
resto-os-backend,com.resto.floorplan.controller,FloorPlanController.CreateTableRequest,59,0,0,0,17,0,17,0,17,0
resto-os-backend,com.resto.core.websocket,WebSocketConfig,40,0,0,0,8,0,3,0,3,0
resto-os-backend,com.resto.order.service,OrderService,340,0,20,0,88,0,17,0,7,0
resto-os-backend,com.resto.order.service,OrderService.CreateOrderItemParam,31,0,0,0,9,0,9,0,9,0
resto-os-backend,com.resto.payment.domain,Payment,64,0,0,0,19,0,18,0,18,0
resto-os-backend,com.resto.payment.domain,Payment.PaymentBuilder,78,0,0,0,18,0,9,0,9,0
resto-os-backend,com.resto.core.security,RlsAspect,32,0,4,0,12,0,4,0,2,0
resto-os-backend,com.resto.core.security,RlsContextInterceptor,53,0,12,0,18,0,9,0,3,0
resto-os-backend,com.resto.core.security,SecurityConfig,90,0,0,0,20,0,8,0,8,0
resto-os-backend,com.resto.core.security,TenantContext,33,0,0,0,12,0,7,0,7,0
resto-os-backend,com.resto.payment.service,PaymentService,139,0,12,0,40,0,9,0,3,0
resto-os-backend,com.resto.kitchen.service,KitchenService,61,0,0,0,14,0,4,0,4,0
resto-os-backend,com.resto.floorplan.service,FloorPlanService,128,0,12,0,31,0,13,0,7,0
